식품명,영양성분함량기준량,에너지(kcal),단백질(g),지방(g),탄수화물(g),식이섬유(g),나트륨(mg)
토스트(식빵),100ml,84,2.5,1.33,15.55,1.0,140.0
트위스터샌드위치,100ml,56,3.6,2.96,3.3,0.4,124.0
파운드케이크,100ml,226,3.5,11.79,26.67,0.6,119.0
햄샌드위치,100ml,185,5.3,10.0,18.69,1.8,321.0
간자장,100ml,155,5.39,2.81,25.98,1.8,345.0
국수,100ml,56,2.5,0.96,8.87,0.3,274.0
라면,100ml,79,1.5,2.52,12.19,0.7,58.0
옥수수밥,100ml,113,2.1,0.34,24.39,0.6,4.0
완두콩밥,100ml,114,2.2,0.33,24.47,0.7,1.0
유부초밥,100ml,199,5.8,6.92,27.04,0.9,134.0
육회비빔밥,100ml,115,3.9,2.88,17.66,0.9,77.0
장어덮밥,100ml,95,3.5,1.99,15.04,0.4,80.0
팥밥,100ml,140,3.2,0.41,29.53,1.3,1.0
해물덮밥,100ml,78,3.8,0.39,14.15,0.6,68.0
혼합잡곡밥,100ml,118,2.3,0.22,25.63,0.7,2.0
계란빵,100ml,158,6.0,1.99,27.2,0.9,193.0
츄러스,100ml,185,4.2,4.29,30.74,1.0,303.0
피자,100ml,153,7.8,4.77,21.07,1.6,179.0
호떡,100ml,147,2.7,5.91,20.14,0.9,2.0
감자샐러드샌드위치,100ml,108,3.1,4.73,13.39,1.3,217.0
소고기샌드위치,100ml,203,6.9,10.61,19.7,1.2,328.0
메기매운탕,100ml,59,4.0,1.46,7.39,1.0,264.0
흑미밥,100ml,120,2.3,0.37,25.73,0.7,1.0
강낭콩밥,100ml,111,2.2,0.15,24.21,0.8,2.0
검정콩밥,100ml,136,3.3,0.79,27.6,1.2,1.0
굴국밥,100ml,63,1.6,0.32,12.79,0.5,144.0
굴밥,100ml,122,4.3,1.95,21.44,1.0,126.0
낙지덮밥,100ml,92,4.5,1.28,15.44,1.2,187.0
낙지비빔밥,100ml,88,4.3,1.31,14.72,1.0,176.0
닭고기덮밥,100ml,89,4.3,0.38,16.36,0.6,67.0
돼지머리국밥,100ml,72,2.1,1.16,12.55,0.5,143.0
모듬김밥,100ml,113,4.2,2.75,17.49,1.3,184.0
모듬초밥,100ml,189,10.0,3.14,28.65,0.7,394.0
무밥,100ml,177,3.7,1.06,36.68,1.3,198.0
버섯덮밥,100ml,101,2.6,1.63,18.47,0.9,63.0
비빔잡곡밥,100ml,138,3.6,2.12,25.66,2.1,93.0
소고기국밥,100ml,66,2.3,0.56,12.54,0.5,124.0
양송이덮밥,100ml,93,1.9,0.65,19.64,0.7,46.0
열무비빔밥,100ml,84,2.5,0.51,16.86,0.9,112.0
잡채밥,100ml,113,3.1,2.08,19.65,0.7,81.0
잡탕밥,100ml,115,5.5,1.84,18.63,0.8,88.0
주먹밥,100ml,135,2.3,2.09,25.52,0.7,105.0
짜장밥,100ml,93,2.85,1.94,15.58,1.1,180.0
짬뽕밥,100ml,48,2.2,0.85,7.6,0.6,89.0
차조밥,100ml,120,2.3,0.4,25.66,0.8,1.0
참치덮밥,100ml,108,5.8,2.13,15.91,1.2,341.0
충무김밥,100ml,128,3.5,1.9,23.59,1.5,186.0
콩나물국밥,100ml,60,2.66,0.73,10.69,0.8,58.0
현미밥,100ml,120,2.3,0.38,25.75,0.7,1.0
비빔밥,100ml,133,4.5,4.64,17.68,1.1,134.0
삼각김밥,100ml,185,4.8,4.4,30.58,1.2,179.0
수수밥,100ml,122,2.4,0.4,26.0,0.9,1.0
알밥,100ml,86,2.3,1.45,15.67,0.8,151.0
영양돌솥밥,100ml,119,2.43,0.44,25.29,0.9,2.0
오곡밥,100ml,144,3.4,0.65,29.8,1.5,123.0
오므라이스,100ml,117,3.64,3.33,17.22,0.8,211.0
율무밥,100ml,118,2.2,0.17,25.56,0.3,2.0
잡곡밥,100ml,131,3.1,0.7,27.13,1.4,1.0
누룽지,100ml,87,1.5,0.06,19.17,1.0,1.0
돌솥비빔밥,100ml,101,3.4,1.78,17.46,1.2,93.0
묵밥,100ml,70,2.6,0.74,12.99,1.1,93.0
보리밥,100ml,117,2.6,0.44,25.22,1.9,1.0
팝콘,100g,511,8.3,27.34,58.06,10.4,500.0
대구포,100g,141,31.97,0.4,2.33,1.2,3876.0
계란덮밥,100ml,169,5.0,3.69,27.22,0.8,105.0
곤드레밥,100ml,124,2.2,0.94,26.8,4.4,9.0
기장밥,100ml,129,2.5,0.39,27.57,0.8,1.0
레몬청차,100g,60,0.13,0.01,14.8,0.9,3.0
식혜,100g,87,1.53,1.75,16.21,0.3,2.0
고추장아찌,100g,124,2.39,0.63,31.49,4.8,2026.0
마늘쫑장아찌,100g,118,1.96,0.14,27.34,5.2,1410.0
매실장아찌,100g,243,1.65,0.43,58.11,3.9,1126.0
무장아찌,100g,80,1.47,0.76,16.76,2.4,2933.0
오이지,100g,29,0.82,1.79,2.52,2.1,2370.0
동치미,100g,11,0.49,0.07,2.08,0.8,472.0
배추김치,100g,38,1.98,0.43,6.49,2.5,551.0
백김치,100g,16,0.95,0.07,3.0,1.9,395.0
부추김치,100g,71,3.03,2.83,8.42,2.9,670.0
얼갈이배추김치,100g,30,1.88,0.58,4.37,3.3,581.0
열무김치,100g,36,2.39,0.38,5.87,2.7,583.0
열무물김치,100g,18,1.41,0.07,2.91,0.5,493.0
열무얼갈이김치,100g,35,2.15,0.66,5.22,3.1,680.0
오이소박이,100g,37,1.76,0.37,6.66,3.1,302.0
유채김치,100g,62,3.5,0.8,10.1,,926.0
유채물김치,100g,17,1.0,0.1,3.0,,452.0
총각김치,100g,42,1.92,0.29,7.89,2.4,630.0
파김치,100g,49,2.5,0.58,8.51,4.6,655.0
물만두,100ml,92,6.1,2.56,10.5,1.3,102.0
밴댕이무침,100g,150,7.45,8.25,11.5,4.1,257.0
상추겉절이,100g,64,2.48,3.26,6.18,2.3,550.0
쑥갓나물무침,100g,64,3.0,3.8,4.4,3.9,473.0
오이생채,100g,50,1.44,1.34,7.97,2.1,404.0
탕평채,100g,97,3.55,3.81,12.26,2.7,260.0
파무침,100g,82,2.31,3.36,10.65,3.5,502.0
홍어무침,100g,99,8.93,1.32,12.98,3.4,401.0
갓김치,100g,37,3.26,0.4,7.07,3.0,720.0
고들빼기김치,100g,111,3.16,1.22,21.87,5.7,1485.0
깍두기,100g,40,1.36,0.21,8.27,,523.0
깻잎김치,100g,83,3.44,2.44,11.77,4.3,836.0
미나리나물,100g,59,2.03,3.67,4.48,3.5,301.0
세발나물무침,100g,78,3.01,4.25,7.05,4.1,701.0
우거지나물무침,100g,86,3.0,5.67,5.8,5.8,515.0
취나물무침,100g,148,2.75,12.31,6.61,6.5,564.0
골뱅이무침,100g,109,7.08,1.97,15.69,3.7,526.0
노각무침,100g,56,1.73,1.2,9.53,2.7,545.0
단무지무침,100g,40,1.0,1.6,5.6,3.2,858.0
달래무침,100g,91,2.67,1.87,15.87,4.3,578.0
더덕무침,100g,144,2.87,1.87,28.93,4.7,831.0
도라지생채,100g,119,2.75,1.11,24.52,4.9,522.0
무말랭이무침,100g,131,2.25,0.61,29.24,7.6,1073.0
물회,100g,76,4.91,2.7,7.9,2.2,299.0
미역초무침,100g,63,2.19,0.48,12.57,2.9,597.0
배추겉절이,100g,43,2.18,0.92,6.51,2.5,581.0
라조기,100g,199,10.33,11.75,13.12,1.4,324.0
멘보샤,100g,289,10.52,21.6,13.22,2.1,696.0
미꾸라지튀김,100g,387,10.89,25.39,28.85,3.5,324.0
복어튀김,100g,320,13.84,19.27,22.88,2.2,284.0
생선까스,100g,327,12.17,20.55,23.28,1.9,394.0
양파링튀김,100g,411,3.86,25.23,43.58,2.7,776.0
쥐포튀김,100g,357,9.62,16.49,42.5,1.4,717.0
치즈볼,100g,333,9.56,20.0,28.66,0.3,532.0
치즈스틱,100g,329,12.59,21.85,20.57,0.2,596.0
치킨가스,100g,296,13.96,16.96,22.01,1.9,390.0
난자완스,100g,173,10.81,10.17,9.57,1.7,352.0
고구마줄기나물,100g,97,1.64,7.46,5.77,3.2,473.0
깻잎나물,100g,146,4.23,11.49,6.42,4.3,416.0
깻잎나물볶음,100g,103,3.75,7.2,5.75,5.2,521.0
머위나물무침,100g,85,1.62,7.66,2.49,2.0,452.0
물냉면,100ml,96,3.6,0.71,18.22,0.8,201.0
김말이튀김,100g,195,2.05,7.2,30.51,1.3,460.0
깐풍새우,100g,240,8.15,13.86,20.56,2.5,531.0
닭모래집튀김,100g,312,18.73,17.73,19.4,1.3,215.0
닭튀김,100g,301,21.73,16.57,16.27,1.5,415.0
돈가스,100g,280,13.85,17.94,15.89,0.3,343.0
모밀국수,100ml,86,2.5,0.32,17.96,0.7,255.0
주꾸미삼겹살,100g,161,10.11,8.66,10.66,2.3,280.0
해물볶음,100g,105,9.55,3.83,8.05,2.3,439.0
가자미조림,100g,99,12.37,2.37,7.17,1.8,564.0
고등어조림,100g,108,8.36,6.07,4.9,1.1,411.0
고추조림,100g,111,3.3,4.9,13.4,4.0,779.0
동태조림,100g,110,16.32,1.88,6.96,1.7,557.0
북어조림,100g,182,20.83,3.33,17.14,2.1,766.0
연근조림,100g,261,2.1,1.3,60.2,4.3,668.0
조기조림,100g,128,13.7,6.27,4.27,2.2,590.0
콩조림(콩자반),100g,271,19.3,4.2,39.1,16.8,1067.0
고구마맛탕,100g,246,1.65,5.5,47.3,4.5,38.0
고구마튀김,100g,253,2.72,11.87,33.8,2.0,148.0
고추튀김,100g,202,7.6,12.6,14.6,2.2,249.0
만두탕수,100ml,95,2.8,4.41,11.0,1.9,322.0
미역줄기볶음,100g,89,1.03,7.84,3.65,3.8,857.0
소시지볶음,100g,236,9.4,14.95,15.9,1.4,718.0
순대볶음,100g,146,5.18,5.33,19.18,2.7,375.0
오징어볶음,100g,120,10.28,4.38,9.84,2.0,403.0
오징어채볶음,100g,275,22.04,7.57,29.77,1.6,975.0
잔멸치볶음,100g,330,34.97,8.97,27.43,0.4,2096.0
주꾸미볶음,100g,106,9.16,2.6,11.41,2.3,459.0
느타리버섯볶음,100g,87,3.61,4.66,7.69,4.4,453.0
닭모래집볶음,100g,176,28.11,5.8,2.82,0.9,364.0
닭볶음(닭갈비),100g,149,11.48,6.45,11.23,2.9,384.0
돼지고기볶음,100g,175,11.48,10.33,9.11,1.5,526.0
두부김치,100g,115,7.79,6.85,5.63,4.2,396.0
머위나물볶음,100g,72,2.33,4.67,5.07,3.5,479.0
소고기산적,100g,227,24.2,12.78,3.67,1.5,696.0
소라산적,100g,150,22.4,3.14,8.06,0.6,496.0
스크램블드에그,100g,149,9.99,10.98,1.61,0.0,145.0
오징어산적,100g,127,21.72,2.47,4.5,1.1,596.0
채소전,100g,194,5.4,9.5,21.6,3.1,322.0
파전,100g,195,4.56,9.35,23.2,4.1,231.0
햄부침,100g,244,11.3,17.1,11.3,1.6,716.0
호박전,100g,139,4.32,8.73,10.73,4.6,185.0
홍합산적,100g,196,22.23,6.0,13.22,1.8,900.0
화양적,100g,182,9.05,9.85,14.23,5.7,531.0
황태구이,100g,219,23.9,7.7,13.45,1.5,568.0
훈제오리,100g,319,17.22,25.63,4.83,0.5,488.0
고추전,100g,183,8.61,11.48,11.34,5.0,241.0
굴전,100g,195,10.6,10.5,14.5,2.4,326.0
깻잎전,100g,241,11.82,17.18,9.7,3.1,320.0
녹두빈대떡,100g,208,7.94,10.27,20.93,4.6,232.0
동태전,100g,195,16.48,11.63,6.11,0.1,318.0
두부부침,100g,144,12.13,9.4,2.69,0.7,132.0
두부전,100g,170,13.64,10.58,5.0,2.8,211.0
미나리전,100g,151,3.49,5.08,22.82,2.5,166.0
배추전,100g,160,3.44,5.78,23.68,3.0,218.0
버섯전,100g,160,7.02,9.91,10.8,3.6,209.0
새우전,100g,188,9.99,11.33,11.57,1.0,349.0
마늘장아찌,100g,113,2.43,0.16,25.36,2.9,1127.0
소불고기,100g,186,10.33,13.1,6.73,0.9,468.0
연어구이,100g,234,24.78,14.94,0.2,0.0,158.0
임연수구이,100g,198,21.52,11.76,1.4,0.4,628.0
콘치즈구이,100g,224,9.51,12.85,17.56,0.5,313.0
함박스테이크,100g,229,13.48,14.82,10.38,2.8,475.0
해물찜,100g,80,8.52,1.96,7.08,2.1,427.0
가자미구이,100g,151,22.61,6.42,0.76,0.0,489.0
꿩불고기,100g,74,6.7,1.7,7.94,2.0,253.0
더덕구이,100g,184,3.1,5.2,31.1,6.8,743.0
돼지껍데기구이,100g,348,23.74,26.64,3.37,0.0,475.0
대구찜,100g,75,10.34,1.58,4.94,1.7,380.0
동태찜,100g,79,10.18,1.94,5.16,1.9,397.0
동파육,100g,191,8.99,15.41,4.15,1.6,299.0
돼지등갈비찜,100g,214,16.02,10.93,12.76,1.8,532.0
북어찜,100g,157,18.73,3.8,12.0,2.0,601.0
붕어찜,100g,76,4.94,3.35,6.51,3.9,359.0
순대,100g,181,6.52,8.55,19.45,4.2,340.0
아귀찜,100g,78,12.08,1.33,4.37,1.6,352.0
오징어순대,100g,133,13.06,1.6,16.66,1.3,360.0
조기찜,100g,182,20.06,10.59,1.64,0.4,602.0
족발,100g,220,28.91,11.65,0.0,0.0,332.0
추어탕,100g,32,2.27,1.32,2.68,1.9,264.0
해물탕,100g,45,6.63,0.78,2.77,1.0,341.0
해신탕,100g,57,7.93,1.88,2.03,0.8,266.0
호박찌개,100g,32,1.87,0.87,4.07,1.4,341.0
깻잎찜,100g,112,3.96,4.6,13.6,3.7,839.0
꼬막무침,100g,107,8.34,4.72,7.69,1.8,516.0
들깻잎장아찌,100g,124,4.03,0.42,26.0,4.4,1809.0
버섯찌개,100g,42,3.68,1.3,3.85,2.0,323.0
부대찌개,100g,67,3.07,3.1,6.62,1.5,387.0
김치찌개,100g,61,3.77,3.75,2.98,2.1,491.0
꽁치찌개,100g,118,8.0,7.77,4.07,3.1,432.0
두부전골,100g,63,5.12,3.22,3.42,1.5,330.0
마라탕,100g,66,3.91,3.27,5.1,1.0,358.0
만두전골,100g,57,3.61,2.23,5.55,1.5,250.0
어탕,100g,57,8.47,2.06,1.21,0.7,323.0
연포탕,100g,54,9.49,0.9,2.02,1.4,234.0
오이냉국,100g,19,0.5,0.09,3.92,0.3,328.0
올갱이국,100g,24,2.28,0.7,2.17,1.0,336.0
전복탕,100g,33,4.47,0.5,2.63,1.0,296.0
초당순두부,100g,58,5.46,3.24,1.76,1.2,134.0
황태해장국,100g,30,4.08,1.13,0.95,0.9,256.0
무국물,100g,3,0.16,0.0,0.55,0.0,2.0
고등어찌개,100g,100,8.15,5.62,4.27,2.6,431.0
매생이국,100g,24,2.0,0.56,2.68,1.9,284.0
미소된장국,100g,25,1.87,1.2,1.87,0.5,345.0
소탕,100g,58,5.1,3.57,1.27,1.2,236.0
순대국,100g,68,5.44,4.13,2.16,3.3,188.0
아구탕,100g,41,6.3,0.82,2.13,1.1,311.0
어죽,100g,69,2.55,0.94,12.6,1.1,263.0
율무죽,100g,77,3.26,0.98,13.75,0.7,1.0
잣죽,100g,125,2.74,2.8,22.18,0.8,126.0
참깨죽,100g,38,1.0,1.2,5.9,,120.0
참치죽,100g,82,3.02,2.01,13.07,0.7,168.0
채소죽,100g,70,1.15,1.39,13.3,0.5,143.0
현미죽,100g,64,1.2,0.4,15.2,0.6,1.0
감자국,100g,32,1.19,0.79,4.94,0.7,245.0
게국지,100g,38,4.08,1.1,2.88,2.2,368.0
곰치국,100g,42,5.43,1.18,2.39,1.9,380.0
곰탕,100g,61,6.47,1.23,6.03,0.7,239.0
김치국,100g,20,1.2,0.62,2.33,1.0,365.0
낙지탕,100g,31,4.9,0.53,1.73,0.6,284.0
달걀국,100g,39,3.25,2.38,1.12,0.3,341.0
콩국수,100g,100,4.61,3.83,11.69,1.2,97.0
팟타이,100g,146,3.98,6.2,18.54,1.4,270.0
게살죽,100g,71,2.24,0.89,13.42,0.7,182.0
깨죽,100g,64,1.71,1.99,9.91,1.2,145.0
미음,100g,19,0.3,0.0,4.7,0.0,0.0
백합죽,100g,65,2.36,0.8,12.1,0.5,142.0
소고기버섯죽,100g,72,2.34,0.93,13.63,0.4,158.0
쌀죽(흰죽),100g,53,0.99,0.15,11.45,0.0,0.0
울면,100g,73,3.75,0.74,12.82,0.8,280.0
자장면,100g,123,3.04,3.13,20.56,3.3,368.0
쌀국수,100g,53,2.6,0.7,9.18,0.3,275.0
올갱이국수,100g,38,0.75,0.55,7.44,1.5,258.0
비빔국수,100g,113,3.4,2.1,20.0,4.5,337.0
만두국,100g,62,3.06,2.49,6.83,4.6,338.0
분짜,100g,136,5.91,3.66,19.75,0.9,398.0
약과,100g,399,4.2,4.75,84.89,5.3,57.0
유과,100g,424,2.81,12.83,74.23,1.1,23.0
기스면,100g,61,3.78,1.07,8.98,0.7,276.0
떡만두국,100g,89,2.87,1.62,15.82,1.2,283.0
페이스트리,100g,457,8.56,26.28,46.45,3.0,423.0
프레즐,100g,312,8.37,6.45,55.14,3.2,215.0
핫도그,100g,341,7.98,23.23,24.95,2.6,398.0
햄버거,100g,225,11.04,13.12,15.64,1.7,323.0
매작과,100g,413,7.51,13.15,66.11,2.8,99.0
산자,100g,366,2.31,3.09,82.17,0.5,23.0
다쿠아즈,100g,447,8.33,26.65,43.39,3.0,51.0
마카롱,100g,480,6.92,30.11,45.23,2.4,47.0
버터크림빵,100g,383,8.18,18.41,46.23,2.6,319.0
소보로빵,100g,396,9.02,13.25,60.22,4.1,289.0
빙떡(메밀전병),100g,168,6.18,6.29,21.62,3.5,346.0
수수경단,100g,218,8.2,1.4,43.1,,238.0
수수부꾸미,100g,248,5.73,6.29,42.1,7.9,261.0
수수팥떡,100g,204,6.7,0.59,43.03,8.6,242.0
시루떡,100g,217,5.47,0.61,47.54,4.4,278.0
쑥떡,100g,249,3.36,0.4,57.89,2.4,254.0
약식,100g,220,4.44,2.32,45.43,1.5,233.0
절편,100g,197,3.82,0.8,43.58,1.2,258.0
찰시루떡,100g,181,6.63,0.41,37.63,1.4,182.0
찹쌀떡,100g,277,3.26,0.15,65.61,1.4,226.0
캘리포니아롤,100g,163,4.11,3.02,29.74,2.5,432.0
회덮밥,100g,137,6.04,3.31,20.66,1.6,149.0
가래떡,100g,210,4.0,1.08,46.11,0.7,250.0
개피떡(바람떡),100g,206,5.32,0.81,44.3,,286.0
기피편,100g,220,5.45,0.25,48.99,5.1,281.0
모듬찰떡,100g,233,6.31,4.12,42.59,4.3,203.0
무지개떡,100g,229,3.53,0.31,53.01,0.2,277.0
백설기,100g,224,3.78,0.9,50.28,0.5,290.0
새우튀김롤,100g,202,4.82,6.06,32.09,2.5,464.0
쌀밥,100g,166,3.36,0.32,37.33,0.1,0.0
연어롤,100g,170,6.19,5.13,24.77,3.0,404.0
연잎밥,100g,207,4.0,0.3,47.0,,178.0
자장밥,100g,148,3.05,4.46,24.01,2.4,312.0
볶음밥,100g,193,6.92,8.38,22.5,0.8,282.0
곤드레나물밥,100g,149,2.94,2.71,28.26,2.9,26.0
국밥,100g,52,3.45,1.03,7.33,1.3,288.0
귀리밥,100g,162,3.9,0.87,34.54,1.6,0.0
콩나물냉채,100ml,27,2.1,0.79,4.05,1.1,202.0
해파리냉채,100ml,49,2.5,0.79,8.52,1.2,1174.0
햄샐러드,100ml,107,3.6,4.4,13.49,1.2,190.0
보쌈김치,100ml,47,2.5,1.4,6.64,1.4,1935.0
오이김치,100ml,39,2.6,0.29,7.77,2.2,1947.0
짜장소스,100ml,101,4.3,3.71,12.86,2.4,538.0
카레소스,100ml,70,2.7,2.33,9.75,1.3,376.0
고춧가루양념장,100ml,140,5.9,7.19,14.39,4.9,1416.0
쌈장,100ml,142,6.5,4.55,20.14,5.2,2335.0
양념초장,100ml,134,10.4,1.03,21.8,3.8,4784.0
초간장,100ml,73,6.1,0.0,12.19,0.5,3190.0
팥빙수,100ml,99,2.2,0.82,20.99,1.4,34.0
딸기바나나스무디,100ml,54,1.1,0.68,11.75,0.9,11.0
미숫가루(선식)음료,100ml,128,2.9,1.1,27.73,2.6,1.0
수박화채,100ml,42,1.2,0.87,7.79,0.1,9.0
새싹샐러드,100ml,117,1.4,10.6,5.01,1.8,74.0
쑥갓무침,100ml,40,2.5,1.96,4.01,2.8,237.0
양배추겉절이,100ml,46,2.0,1.38,7.87,2.9,434.0
양배추사과샐러드,100ml,136,0.8,10.74,10.14,1.9,73.0
양배추부추무침,100ml,41,2.2,0.65,8.08,3.3,414.0
양배추오이샐러드,100ml,188,1.8,17.09,8.2,2.3,120.0
양상추샐러드,100ml,79,1.7,6.14,4.72,1.1,136.0
열무겉절이,100ml,25,1.6,0.26,4.78,1.3,1129.0
오이도라지생채,100ml,40,1.1,0.42,8.9,1.5,224.0
오이고추된장무침,100ml,32,1.4,0.91,5.18,1.8,313.0
오징어미역초무침,100ml,87,15.0,1.72,5.24,3.6,1133.0
옥수수샐러드,100ml,130,1.4,6.36,17.53,1.2,351.0
유채무침,100ml,60,3.4,0.67,12.47,3.0,227.0
쥐포무침,100ml,339,29.4,8.46,36.45,1.2,1542.0
참치샐러드,100ml,245,17.6,17.78,2.86,0.4,565.0
천사채무침,100ml,73,3.3,5.51,2.95,1.3,248.0
콩나물느타리무침,100ml,45,3.0,2.8,4.25,2.0,175.0
감자샐러드,100ml,161,2.7,9.97,15.59,2.3,308.0
겨자채,100ml,128,7.3,8.76,4.27,1.2,628.0
닭고기샐러드,100ml,88,6.7,5.55,2.82,0.7,394.0
닭튀김샐러드,100ml,79,3.8,5.3,3.98,0.8,102.0
돌나물무침,100ml,41,1.4,0.53,8.81,1.1,127.0
마늘쫑장아찌무침,100ml,79,1.3,0.58,17.7,2.9,706.0
마카로니샐러드,100ml,138,2.4,7.98,13.76,1.2,125.0
멕시컨샐러드,100ml,93,4.6,7.07,3.2,0.8,316.0
문어무침,100ml,70,8.0,2.19,5.34,1.5,352.0
미나리초무침,100ml,49,2.1,1.76,7.89,3.4,575.0
미역오이무침,100ml,57,1.9,0.36,14.77,2.9,896.0
뱅어포무침,100ml,411,48.3,17.88,11.5,1.0,1262.0
부추초무침,100ml,23,1.1,0.78,3.66,1.9,187.0
브로콜리두부무침,100ml,35,2.0,0.72,6.17,1.7,167.0
브로콜리채소무침,100ml,34,1.7,0.35,7.21,1.5,182.0
브로콜리무침,100ml,32,1.6,0.25,7.01,1.5,175.0
삼색냉채,100ml,76,6.4,2.29,7.48,1.1,401.0
오이지무침,100ml,45,1.1,1.35,8.12,2.2,1083.0
오징어무침,100ml,83,9.7,1.49,8.03,1.6,191.0
오징어채무침,100ml,355,47.5,8.95,19.55,1.0,1012.0
참나물겉절이,100ml,17,0.8,0.72,2.43,1.2,98.0
청포묵무침,100ml,57,2.17,2.7,6.86,1.7,256.0
치커리겉절이,100ml,58,2.9,3.0,6.04,2.7,506.0
풋고추된장무침,100ml,45,1.9,0.92,7.94,2.7,392.0
도토리묵무침,100ml,56,0.6,0.59,12.04,1.9,179.0
마늘쫑무침,100ml,76,2.5,1.21,17.92,4.5,1015.0
무생채,100ml,40,1.1,0.67,8.15,1.7,303.0
부추무침,100ml,59,2.9,2.22,8.31,4.4,695.0
오이무침,100ml,60,1.8,2.85,8.13,1.6,433.0
쑥갓나물,100ml,19,1.3,0.95,1.85,1.5,275.0
애호박나물,100ml,37,1.3,1.44,5.51,2.2,162.0
양배추나물,100ml,71,2.2,3.76,8.69,3.1,799.0
오이나물,100ml,73,1.3,6.48,2.94,0.7,303.0
갑오징어무침,100ml,50,5.31,0.74,5.89,0.8,225.0
과일샐러드,100ml,65,0.53,3.8,7.84,1.3,24.0
다시마무침,100ml,61,3.1,3.39,7.02,3.4,518.0
고사리나물,100ml,43,1.6,3.48,2.08,1.6,522.0
고춧잎나물,100ml,101,6.9,4.21,12.51,4.1,420.0
근대나물,100ml,50,2.5,2.87,4.49,2.7,724.0
도라지나물,100ml,39,0.7,2.09,4.76,1.5,333.0
무나물,100ml,36,0.7,2.13,3.77,1.0,637.0
부추나물,100ml,18,1.2,0.88,1.99,1.6,137.0
비름나물,100ml,28,1.9,0.99,4.1,2.3,154.0
숙주미나리나물,100ml,17,1.07,0.9,1.79,1.1,158.0
시금치나물,100ml,27,1.6,1.31,3.02,1.6,203.0
시래기나물,100ml,58,2.0,1.65,10.49,3.8,1041.0
유채나물,100ml,50,4.4,2.12,5.6,3.8,472.0
참나물,100ml,17,0.75,0.81,2.02,1.0,157.0
어묵튀김,100ml,179,8.4,8.93,15.75,0.3,825.0
연근튀김,100ml,209,4.4,10.93,22.14,2.6,553.0
연어튀김,100ml,149,13.1,5.71,9.66,0.4,971.0
오징어탕수,100ml,149,10.4,6.03,12.99,1.7,155.0
임연수튀김,100ml,181,12.7,9.5,9.29,0.3,638.0
장어튀김,100ml,209,10.2,14.75,6.64,0.3,899.0
참치강정,100ml,230,18.7,7.26,21.18,0.7,760.0
채소튀김,100ml,214,3.4,10.51,25.35,2.7,798.0
가지나물,100ml,34,1.24,1.54,4.34,2.1,227.0
배추나물,100ml,53,2.4,1.7,7.95,2.5,564.0
숙주나물,100ml,26,1.7,1.45,2.46,1.5,354.0
탕수육,100ml,160,10.6,6.86,13.14,0.5,110.0
새우튀김,100ml,145,7.1,5.58,16.52,1.0,321.0
오징어튀김,100ml,163,12.2,7.58,9.96,0.3,200.0
가자미튀김,100ml,225,20.7,12.36,5.54,0.2,758.0
깐풍기,100ml,156,16.0,6.22,7.07,0.4,637.0
깻잎튀김,100ml,191,5.4,10.76,17.33,1.9,564.0
느타리버섯튀김,100ml,182,5.0,10.88,15.5,1.1,566.0
닭강정,100ml,146,13.5,4.3,12.02,0.2,355.0
도라지튀김,100ml,179,5.7,8.61,19.21,3.1,507.0
돼지고기강정,100ml,174,14.8,8.44,8.41,0.1,493.0
두부탕수,100ml,123,4.5,4.82,15.13,1.8,192.0
두부튀김,100ml,122,6.4,6.22,9.65,1.8,264.0
등심돈가스,100ml,174,13.8,5.89,14.56,0.7,250.0
뱅어포튀김,100ml,732,41.2,45.09,34.04,1.2,414.0
새우탕수,100ml,149,11.0,5.84,12.77,1.7,189.0
소시지튀김,100ml,280,12.3,16.61,18.39,0.8,880.0
식빵튀김,100ml,262,6.0,9.92,37.0,2.4,342.0
새우조림,100ml,62,7.6,1.91,3.21,0.4,343.0
소고기장조림,100ml,230,29.6,9.02,5.13,0.2,486.0
완자조림,100ml,171,13.9,6.35,13.35,1.6,224.0
임연수조림,100ml,144,15.9,5.54,6.95,0.8,287.0
콩조림,100ml,198,13.5,6.44,22.36,7.3,620.0
감자튀김,100ml,114,2.1,4.78,15.88,2.8,432.0
다시마튀각,100ml,232,1.4,18.32,20.02,6.8,589.0
떡강정,100ml,202,2.5,5.09,36.43,0.8,282.0
북어강정,100ml,320,13.9,16.4,28.5,2.0,1753.0
오징어조림,100ml,66,8.3,0.93,6.07,0.7,293.0
우엉조림,100ml,104,3.69,2.98,16.51,2.3,356.0
쥐포조림,100ml,140,11.9,3.02,16.76,0.4,461.0
코다리조림,100ml,68,10.1,1.18,3.86,0.5,308.0
고구마조림,100ml,167,2.5,0.59,38.6,3.8,839.0
곤약조림,100ml,43,1.1,1.99,7.17,3.0,336.0
꽈리고추오징어조림,100ml,135,14.3,5.67,6.39,1.1,388.0
단호박조림,100ml,99,3.1,1.29,21.41,6.3,1136.0
닭다리조림,100ml,179,14.0,8.87,9.13,1.6,153.0
돼지고기장조림,100ml,133,15.4,4.84,5.93,0.3,349.0
마늘쫑조림,100ml,217,4.9,10.6,31.38,7.0,956.0
메추리알돼지고기장조림,100ml,118,12.3,5.18,4.53,0.2,258.0
메추리알어묵조림,100ml,227,13.3,9.37,22.09,0.8,1141.0
메추리알장조림,100ml,151,11.3,6.79,8.89,0.4,983.0
삶은땅콩조림,100ml,190,6.8,9.74,21.15,4.0,756.0
감자조림,100ml,92,1.8,2.49,15.95,1.8,233.0
꽁치조림,100ml,131,18.1,3.58,4.51,0.6,368.0
달걀조림,100ml,84,6.9,3.9,4.63,0.1,511.0
닭도리탕,100ml,49,5.0,1.24,4.2,0.6,84.0
닭조림,100ml,111,10.5,3.63,8.84,1.0,214.0
두부조림,100ml,133,9.39,6.87,8.15,3.2,279.0
땅콩조림,100ml,268,12.0,19.42,15.91,6.1,247.0
멸치조림,100ml,150,15.0,6.69,6.5,0.1,1121.0
무조림,100ml,48,2.6,0.74,8.69,2.0,1135.0
미트볼조림,100ml,156,5.8,8.14,16.1,7.1,501.0
삼치조림,100ml,185,19.0,7.12,8.91,0.4,364.0
어묵조림,100ml,166,8.4,6.88,17.71,0.7,741.0
모듬버섯볶음,100ml,69,3.0,4.56,6.82,2.6,430.0
부추잡채,100ml,75,4.9,4.36,3.89,1.1,177.0
브로콜리버섯볶음,100ml,24,1.3,1.15,2.99,1.2,140.0
세발낙지볶음,100ml,88,11.6,0.9,8.35,1.2,367.0
소고기채소볶음,100ml,198,8.4,14.99,7.24,1.8,478.0
소시지케첩볶음,100ml,127,5.4,9.1,5.84,0.5,308.0
양념두부,100ml,68,6.2,3.39,2.99,2.0,105.0
어묵감자볶음,100ml,208,8.2,9.12,23.52,1.3,556.0
어묵잡채,100ml,128,6.7,6.55,10.14,0.6,432.0
우엉볶음,100ml,65,1.7,3.72,6.6,2.0,185.0
제육볶음,100ml,103,10.2,4.43,5.33,0.8,235.0
콩나물잡채,100ml,43,2.2,2.49,4.04,1.0,121.0
폭찹,100ml,124,12.2,5.35,5.73,0.8,164.0
피망볶음,100ml,84,1.3,5.33,8.08,1.5,335.0
파래볶음,100ml,61,1.2,5.95,1.85,1.1,60.0
표고버섯볶음,100ml,35,1.7,2.11,3.96,1.9,143.0
햄채소볶음,100ml,296,11.6,21.92,14.04,2.9,594.0
김치돼지고기볶음,100ml,113,8.1,6.61,4.26,2.0,294.0
돼지고기피망잡채,100ml,95,9.5,3.95,5.09,0.9,266.0
매운어묵볶음,100ml,90,5.1,2.93,11.02,0.5,397.0
소고기볶음,100ml,237,10.6,19.41,2.71,0.7,297.0
애호박볶음,100ml,64,1.1,4.95,4.25,1.8,204.0
어묵볶음,100ml,110,4.7,5.44,10.49,1.0,454.0
유산슬,100ml,62,6.8,2.23,3.52,0.6,72.0
마늘쫑볶음,100ml,52,1.3,2.92,5.83,1.8,212.0
마파두부,100ml,146,8.8,8.86,7.67,2.9,172.0
멸치볶음,100ml,114,14.9,3.41,5.15,0.2,769.0
건새우볶음,100ml,154,15.6,5.64,9.52,0.3,1122.0
고추장볶음,100ml,235,8.96,4.85,43.37,3.7,1562.0
김치볶음,100ml,38,1.2,1.74,4.34,2.4,336.0
낙지볶음,100ml,136,12.6,4.79,11.29,2.5,977.0
애호박전,100ml,142,3.6,8.65,11.87,1.6,183.0
완자전,100ml,320,11.0,23.11,15.75,4.1,162.0
햄전,100ml,200,10.2,13.66,8.23,0.2,300.0
소고기완자전,100ml,314,14.1,22.92,10.06,1.4,483.0
애호박부침개,100ml,159,4.6,6.56,19.42,1.6,429.0
어묵전,100ml,214,9.9,8.96,22.1,0.6,710.0
연근전,100ml,82,1.9,3.52,10.21,1.2,14.0
오믈렛,100ml,171,13.6,11.19,2.46,0.2,651.0
옥수수부침,100ml,184,3.6,6.99,25.89,2.1,123.0
참치완자전,100ml,220,18.8,8.84,14.84,1.9,962.0
해물완자전,100ml,236,15.4,9.39,20.69,1.5,175.0
해물채소전,100ml,195,10.7,7.77,18.92,1.1,267.0
감자볶음,100ml,52,1.2,1.31,8.96,1.6,159.0
감자전,100ml,41,0.8,1.42,6.2,0.9,1.0
김치전,100ml,164,5.1,7.4,18.09,2.3,383.0
달걀말이,100ml,169,10.6,12.78,1.31,0.3,661.0
맛살전,100ml,229,12.3,6.43,29.33,1.0,1069.0
부추전,100ml,240,6.8,7.7,34.14,3.3,276.0
조기구이,100ml,144,12.6,7.8,4.56,0.1,241.0
치킨데리야끼,100ml,87,11.2,0.7,8.74,1.5,263.0
감자그라탕,100ml,134,3.2,7.78,12.84,2.4,375.0
돼지고기꼬치구이,100ml,171,27.7,4.74,2.89,0.3,116.0
돼지고기스테이크,100ml,183,21.8,5.85,8.99,2.3,603.0
베이컨떡말이구이,100ml,239,6.3,10.55,29.9,1.6,594.0
삼치양념구이,100ml,189,22.8,4.14,15.38,2.8,570.0
삼치카레구이,100ml,213,27.1,9.05,3.71,0.0,320.0
새송이버섯구이,100ml,58,1.6,4.81,4.17,1.5,200.0
소갈비구이,100ml,210,10.2,15.23,6.33,0.4,411.0
소등심스테이크,100ml,223,10.6,18.22,3.3,0.6,110.0
소등심구이,100ml,320,15.9,26.79,0.26,0.1,254.0
오징어불고기,100ml,123,16.4,3.24,7.2,1.3,366.0
장어양념구이,100ml,331,16.5,21.39,16.89,1.7,774.0
햄구이,100ml,154,22.9,5.89,2.19,0.0,840.0
가지전,100ml,37,1.1,1.99,3.68,0.7,182.0
닭구이,100ml,96,11.19,3.33,4.57,0.1,277.0
닭날개구이,100ml,129,11.25,7.25,3.84,0.2,289.0
닭다리구이,100ml,90,8.53,4.69,2.72,0.1,203.0
돼지갈비구이,100ml,130,9.0,7.85,4.64,0.2,186.0
런천미트구이,100ml,308,21.6,19.1,11.08,0.0,1087.0
뱅어포구이,100ml,277,31.2,8.87,18.12,2.7,1553.0
삼치구이,100ml,132,18.7,5.8,0.02,0.0,556.0
오리고기로스,100ml,169,29.7,4.37,0.78,0.3,510.0
오리불고기,100ml,75,9.2,1.63,5.92,0.8,187.0
애호박찜,100ml,41,2.0,1.65,5.05,2.0,654.0
코다리찜,100ml,46,6.0,0.9,3.74,0.9,149.0
가지찜,100ml,120,5.6,6.23,10.22,2.9,401.0
돼지사태찜,100ml,132,12.1,4.21,11.08,1.7,319.0
두부달걀찜,100ml,115,9.7,6.49,4.01,2.4,227.0
소고기떡찜,100ml,303,10.6,14.48,32.19,1.6,357.0
소사태찜,100ml,137,12.6,4.65,10.44,1.7,246.0
연두부찜,100ml,65,5.1,3.3,3.68,1.1,203.0
제육(돼지고기수육),100ml,139,11.9,8.5,2.4,0.6,248.0
갈치구이,100ml,127,9.83,7.36,4.3,0.1,373.0
감자구이,100ml,76,1.23,3.48,10.05,1.6,97.0
고등어구이,100ml,202,13.37,13.22,6.25,0.1,196.0
우럭매운탕,100ml,31,4.0,0.51,2.65,0.5,174.0
장어매운탕,100ml,25,2.4,0.91,1.74,0.5,99.0
해물매운탕,100ml,33,5.5,0.53,1.82,0.7,170.0
달걀찜,100ml,119,11.1,7.01,1.66,0.4,871.0
닭찜,100ml,134,10.3,5.6,10.01,1.1,315.0
돼지갈비찜,100ml,142,10.3,8.01,6.28,0.7,228.0
소갈비찜,100ml,235,12.2,16.86,6.72,0.7,296.0
오리탕,100ml,79,3.9,3.53,7.73,0.5,212.0
오징어찌개,100ml,25,3.1,0.56,1.86,0.5,147.0
콩비지찌개,100ml,39,3.02,1.06,4.46,2.9,196.0
감자소고기찌개,100ml,52,3.4,2.45,4.05,0.9,299.0
굴두부찌개,100ml,21,2.2,0.66,1.48,0.5,98.0
김치순두부,100ml,42,4.7,1.8,1.54,0.8,107.0
대구매운탕,100ml,52,7.8,1.08,2.85,1.4,344.0
대구지리,100ml,19,3.4,0.26,1.06,0.6,187.0
두부명란찌개,100ml,33,3.5,1.07,2.72,1.0,238.0
두부애호박찌개,100ml,27,2.0,0.62,3.6,1.0,61.0
두부청국장찌개,100ml,39,3.5,0.95,4.34,1.9,220.0
명란찌개,100ml,27,3.1,0.58,2.74,0.7,367.0
아귀매운탕,100ml,37,4.6,0.68,3.57,1.1,180.0
어묵매운탕,100ml,40,2.8,0.84,5.86,0.8,235.0
돼지고기찌개,100ml,56,4.1,3.14,2.85,0.7,151.0
두부찌개,100ml,30,2.3,0.79,3.75,1.0,202.0
버섯전골,100ml,36,2.6,1.81,3.22,1.3,285.0
불낙전골,100ml,37,3.5,2.02,1.3,0.7,37.0
소고기전골,100ml,46,2.6,2.15,4.25,0.6,128.0
알탕,100ml,25,2.8,0.52,2.42,0.5,103.0
콩나물된장국,100ml,26,2.6,0.7,3.0,1.0,292.0
콩나물황태국,100ml,30,4.6,0.87,0.99,0.3,129.0
해물된장국,100ml,38,5.9,0.65,1.95,0.6,320.0
호박된장국,100ml,17,1.2,0.4,2.17,0.8,212.0
호박잎된장국,100ml,17,1.3,0.37,2.53,1.1,183.0
홍합무국,100ml,19,2.7,0.24,1.36,0.1,85.0
홍합미역국,100ml,17,1.8,0.77,1.05,0.6,238.0
홍합국(홍합탕),100ml,17,2.8,0.24,0.75,0.0,30.0
감자탕,100ml,51,3.39,2.61,3.87,1.3,172.0
꽃게탕,100ml,18,2.3,0.29,1.65,0.6,182.0
동태찌개,100ml,24,3.2,0.19,2.61,0.5,207.0
시금치된장국,100ml,15,1.1,0.32,2.44,1.0,234.0
시래기된장국,100ml,17,1.1,0.6,2.32,1.3,215.0
쑥된장국,100ml,25,2.2,0.72,2.81,1.6,245.0
아욱된장국,100ml,15,1.1,0.26,2.47,1.1,196.0
양배추된장국,100ml,34,2.9,0.89,3.93,1.6,313.0
어묵국,100ml,21,1.4,0.47,2.75,0.2,137.0
어묵탕,100ml,25,1.7,0.58,3.38,0.3,210.0
얼갈이된장국,100ml,13,0.9,0.45,1.72,1.0,179.0
열무된장국,100ml,20,2.1,0.51,2.09,1.0,338.0
조개미역국,100ml,11,1.5,0.24,0.97,0.6,241.0
참치미역국,100ml,28,2.7,1.79,0.84,0.7,206.0
청포묵국,100ml,44,2.9,2.62,2.16,0.6,55.0
다슬기된장국,100ml,23,2.1,0.68,2.6,1.2,128.0
달래된장국,100ml,39,3.0,1.85,2.55,1.2,188.0
닭고기미역국,100ml,21,3.2,0.74,0.71,0.5,191.0
대합미역국,100ml,7,0.8,0.24,0.57,0.2,123.0
두부달걀탕,100ml,37,3.7,1.68,1.73,0.9,93.0
두부된장국,100ml,26,2.3,0.99,2.12,1.1,245.0
두부국,100ml,31,2.5,1.64,1.25,0.6,214.0
메밀묵국,100ml,61,1.5,1.22,11.26,1.7,231.0
무된장국,100ml,18,1.6,0.41,2.11,0.8,254.0
무북어국,100ml,27,4.1,0.7,1.05,0.3,156.0
미역된장국,100ml,12,1.2,0.42,1.44,0.9,246.0
바지락국,100ml,17,2.2,0.52,0.74,0.3,225.0
배추된장국,100ml,17,1.7,0.37,2.05,0.9,249.0
새우젓국,100ml,27,1.9,1.26,2.12,0.9,274.0
선짓국,100ml,40,3.4,1.53,3.5,1.6,474.0
소고기무국,100ml,23,1.6,1.49,0.53,0.1,135.0
콩나물국,100ml,7,0.8,0.2,0.97,0.4,184.0
토란국,100ml,33,1.9,1.42,3.45,0.8,194.0
건새우미역국,100ml,27,3.8,1.03,0.93,0.6,365.0
굴미역국,100ml,16,1.9,0.47,1.9,1.2,382.0
근대된장국,100ml,12,0.9,0.34,1.71,0.9,200.0
김국,100ml,14,0.9,0.29,2.27,0.5,119.0
김치콩나물국,100ml,10,1.1,0.19,1.28,0.8,258.0
낙지탕(맑은탕),100ml,16,3.0,0.16,0.8,0.3,142.0
동태국,100ml,26,4.0,0.26,2.13,0.8,222.0
냉이된장국,100ml,15,1.3,0.42,1.72,0.8,195.0
배추국,100ml,9,1.3,0.1,0.89,0.3,113.0
사골국,100ml,35,1.8,1.67,2.94,0.2,6.0
삼계탕,100ml,77,6.7,3.17,5.0,0.6,160.0
새우탕,100ml,40,6.2,0.56,2.51,0.8,217.0
설렁탕,100ml,41,2.65,1.24,4.43,0.2,135.0
소고기육개장,100ml,26,2.07,1.46,1.38,0.6,105.0
오징어국,100ml,22,3.39,0.35,1.41,0.4,155.0
육개장,100ml,47,3.0,3.14,1.58,0.9,331.0
들깨국,100ml,14,0.58,0.76,1.42,0.6,110.0
미역국,100ml,7,0.8,0.32,0.94,0.8,430.0
김부각,100ml,158,5.7,7.3,20.73,4.5,130.0
소고기감자죽,100ml,82,2.6,2.71,11.19,0.8,86.0
애호박죽,100ml,77,1.4,0.96,15.0,0.6,57.0
잡곡죽,100ml,81,3.5,1.17,14.21,2.4,118.0
찹쌀죽,100ml,63,1.1,0.27,13.39,0.2,130.0
홍합미나리죽,100ml,49,1.5,0.31,9.88,0.7,2.0
홍합소고기죽,100ml,80,3.8,2.03,10.92,0.5,77.0
흰죽,100ml,64,1.2,0.28,13.49,0.3,130.0
갈비탕,100ml,39,2.19,2.13,2.71,0.2,109.0
닭고기육개장,100ml,31,3.26,1.51,1.28,0.6,112.0
닭곰탕,100ml,48,4.6,1.98,2.73,0.4,171.0
장국국수,100ml,144,6.4,3.06,21.12,0.6,581.0
쟁반국수,100ml,112,4.1,2.29,19.06,1.4,161.0
짜장면,100ml,98,3.8,1.2,19.22,2.0,277.0
해물스파게티,100ml,82,4.8,1.13,12.76,1.0,105.0
닭죽,100ml,135,6.6,4.78,15.17,0.9,453.0
전복죽,100ml,120,3.1,3.0,19.12,0.5,217.0
팥죽,100ml,121,4.3,0.27,24.91,3.0,157.0
호박죽,100ml,71,1.39,0.28,16.08,2.0,140.0
감자스프,100ml,86,2.9,4.45,8.13,0.5,20.0
들깨죽,100ml,155,3.8,5.9,21.49,2.5,631.0
땅콩죽,100ml,147,3.9,3.29,24.97,1.2,163.0
잔치국수,100ml,67,2.35,0.83,12.19,0.6,308.0
짬뽕,100ml,74,2.7,1.31,12.29,0.9,119.0
쫄면,100ml,107,2.79,0.98,21.6,1.2,514.0
칼국수,100ml,85,2.4,0.26,17.53,0.8,144.0
고기만두,100ml,96,5.4,1.81,13.59,1.2,162.0
군만두,100ml,219,8.5,9.25,25.22,5.3,237.0
김치고기만두,100ml,294,16.2,5.26,42.38,3.4,552.0
김치만두,100ml,61,4.1,1.53,7.05,1.0,160.0
미트스파게티,100ml,109,4.3,1.9,18.58,1.4,136.0
볶음우동,100ml,80,3.3,2.86,9.69,0.7,314.0
어묵우동,100ml,52,1.6,0.65,9.51,0.6,133.0
스파게티,100ml,164,5.0,7.05,20.0,1.6,267.0
우동,100ml,52,1.56,0.65,9.54,0.6,130.0
밤밥,100ml,152,3.4,0.23,32.65,1.5,3.0
소고기덮밥,100ml,120,3.3,3.07,18.92,0.8,77.0
순현미밥,100ml,129,2.6,0.72,27.59,1.4,8.0
오징어덮밥,100ml,94,4.4,0.47,17.35,0.8,78.0
채소밥,100ml,114,2.6,0.91,23.06,0.9,134.0
고등어튀김,100ml,219,13.5,13.58,8.99,0.3,529.0
찰밥,100ml,120,2.2,0.34,25.75,0.6,1.0
고구마밥,100ml,139,2.3,0.35,30.44,1.0,2.0
김밥,100ml,185,5.8,2.63,33.81,2.2,420.0
녹두전,100ml,92,5.0,4.2,8.41,3.2,23.0
아이스카페모카,100ml,58,1.6,1.53,9.65,0.3,24.0
율무차,100ml,66,0.9,1.72,11.85,0.0,62.0
카페라떼,100ml,38,1.7,1.83,3.57,0.0,20.0
카페모카,100ml,63,1.9,1.9,9.64,0.2,28.0
커피(타먹는커피),100ml,51,0.5,1.17,9.81,0.0,2.0
감자범벅,100ml,95,2.3,0.05,21.91,3.1,600.0
파강회,100ml,42,1.2,1.71,6.33,1.8,276.0
육회,100ml,158,9.5,7.65,13.17,1.3,244.0
모듬회,100ml,133,22.5,2.31,5.15,0.3,493.0
오이장아찌,100ml,71,1.9,3.83,7.71,1.2,1991.0
무말랭이장아찌,100ml,117,4.1,3.23,18.34,6.8,1287.0
무숙장아찌,100ml,93,3.7,6.44,4.78,1.0,1391.0
기름장,100ml,640,0.2,69.06,0.92,0.3,7518.0
두유카페라떼,100ml,30,1.4,1.76,2.12,0.3,32.0
딸기넥타,100ml,31,0.4,0.09,7.96,0.7,6.0
아이스카페라떼,100ml,31,1.4,1.5,3.05,0.0,16.0
치커리무침,100ml,16,0.8,0.48,2.35,0.8,171.0
가지김치,100ml,36,2.1,0.77,6.22,3.5,1592.0
섞박지,100ml,41,2.3,0.84,7.43,3.3,2027.0
양념채김치,100ml,53,3.3,1.55,7.5,2.8,1065.0
오이물김치,100ml,51,2.9,1.3,8.73,2.6,2268.0
양념바지락젓,100ml,50,5.8,1.97,2.07,0.6,1.0
양념새우젓,100ml,67,7.3,1.5,6.78,2.2,5863.0
양념오징어젓,100ml,60,7.9,1.08,4.81,1.0,1858.0
더덕장아찌,100ml,118,2.0,5.07,17.5,5.6,4232.0
시금치겉절이,100ml,54,3.0,2.51,6.28,2.8,357.0
쑥갓오이무침,100ml,37,1.9,1.06,5.57,1.9,156.0
양념도토리묵,100ml,55,1.1,1.27,9.91,1.6,363.0
양배추샐러드,100ml,99,0.9,8.95,4.32,1.3,145.0
어묵오이무침,100ml,128,7.7,3.07,18.13,1.3,532.0
오이부추무침,100ml,26,0.9,0.35,5.68,1.3,206.0
짜사이무침,100ml,43,0.4,3.04,3.66,0.9,947.0
두부냉채,100ml,94,7.9,5.0,4.57,1.7,280.0
메밀묵무침,100ml,65,1.6,1.27,12.05,1.8,249.0
부추겉절이,100ml,24,1.3,1.11,3.38,1.8,178.0
부추채소무침,100ml,22,1.1,0.67,4.01,1.2,171.0
새우무침,100ml,321,37.0,11.77,15.47,1.0,462.0
소라무침,100ml,122,18.7,1.58,7.46,1.0,55.0
파래무침,100ml,49,3.6,1.11,8.65,4.1,718.0
풋마늘무침,100ml,38,1.31,0.82,8.05,2.3,155.0
피조개무침,100ml,77,7.4,1.33,9.48,1.4,307.0
가오리회무침,100ml,47,4.7,0.47,6.47,1.3,164.0
단호박샐러드,100ml,125,1.2,9.28,10.27,2.4,84.0
달걀샐러드,100ml,165,6.0,13.17,5.49,0.8,181.0
닭고기냉채,100ml,72,10.8,0.92,5.72,1.6,21.0
북어채무침,100ml,149,23.17,2.65,7.22,0.8,293.0
양장피,100ml,81,10.7,1.8,5.33,1.8,362.0
얼갈이겉절이,100ml,21,1.12,0.51,3.61,2.1,173.0
돌나물,100ml,24,0.64,0.39,5.23,0.7,154.0
두릅무침,100ml,74,3.4,2.58,11.6,2.2,1476.0
마늘장아찌무침,100ml,99,1.88,0.7,21.85,2.4,805.0
미나리무침,100ml,20,1.0,0.85,2.85,1.6,172.0
씀바귀나물,100ml,38,1.5,1.11,6.54,1.9,296.0
양배추초나물,100ml,66,2.0,2.75,9.44,2.4,175.0
얼갈이나물,100ml,48,1.9,3.05,4.0,2.7,1483.0
토란대나물,100ml,32,0.9,1.68,3.88,1.4,174.0
간재미회무침,100ml,47,4.73,0.47,6.47,1.3,164.0
개고기무침,100ml,121,7.63,8.82,3.76,2.3,111.0
낙지무침,100ml,59,9.6,0.37,4.5,1.3,452.0
냉이초나물,100ml,77,4.2,2.47,12.32,4.7,261.0
머위나물,100ml,25,1.5,1.34,2.42,1.5,184.0
무청나물,100ml,80,2.8,5.44,6.04,3.2,367.0
민들레무침,100ml,27,1.2,0.72,4.56,1.6,244.0
청경채나물,100ml,14,1.06,0.58,1.59,0.9,156.0
잔멸치튀김,100ml,67,4.0,4.12,2.9,0.1,510.0
조기튀김,100ml,144,13.4,7.77,3.62,0.1,84.0
탕수어,100ml,281,12.6,7.71,38.96,1.3,322.0
냉이나물,100ml,33,2.4,0.86,5.44,2.9,182.0
돼지갈비강정,100ml,382,25.8,19.89,20.7,0.8,539.0
돼지고기튀김,100ml,222,20.9,11.67,6.24,0.2,513.0
비프까스,100ml,208,8.1,13.68,12.25,0.6,261.0
소고기튀김,100ml,258,10.4,18.92,10.11,0.7,428.0
쑥튀김,100ml,234,6.6,13.71,19.95,2.3,552.0
양념돼지고기튀김,100ml,189,12.9,8.58,13.89,0.6,347.0
우럭튀김,100ml,289,24.7,12.12,19.21,0.5,1919.0
가지탕수,100ml,154,2.2,6.5,21.21,2.1,236.0
갈치튀김,100ml,78,4.6,5.47,1.85,0.1,172.0
게맛살튀김,100ml,213,6.1,8.61,26.31,0.5,440.0
달걀튀김,100ml,256,10.2,16.26,14.74,0.7,121.0
닭고기탕수,100ml,95,7.4,3.15,8.8,0.4,60.0
대구튀김,100ml,285,27.0,12.5,13.28,0.4,1367.0
도미튀김,100ml,301,25.9,12.22,18.9,0.7,1720.0
동태튀김,100ml,146,10.7,7.22,8.19,0.3,819.0
홍어회무침,100ml,83,7.5,2.13,8.81,1.4,797.0
적어조림,100ml,54,7.0,0.95,3.33,0.6,142.0
전어조림,100ml,60,9.0,1.22,1.9,0.3,93.0
깐쇼새우,100ml,150,7.9,6.28,14.7,0.8,266.0
게조림,100ml,21,4.2,0.18,0.31,0.0,164.0
다시마조림,100ml,60,3.1,3.35,6.96,3.4,501.0
도루묵조림,100ml,103,11.3,3.09,5.73,0.9,314.0
모듬콩조림,100ml,181,11.1,9.11,15.38,5.5,321.0
버섯조림,100ml,33,2.04,0.74,6.83,1.6,260.0
양미리조림,100ml,143,18.1,4.45,5.61,0.7,286.0
건갈치조림,100ml,96,11.2,3.68,3.68,0.3,1051.0
호박고지볶음,100ml,104,2.4,2.17,20.28,3.9,911.0
낙지삼겹살볶음,100ml,151,9.1,10.55,3.73,0.6,341.0
닭볶음,100ml,137,14.7,3.01,12.63,1.5,270.0
버섯잡채,100ml,149,4.8,12.22,6.28,2.9,207.0
베이컨채소볶음,100ml,142,6.3,8.81,10.06,2.2,241.0
소간채소볶음,100ml,120,10.5,5.29,7.74,2.5,498.0
소곱창볶음,100ml,178,9.0,13.58,4.99,2.4,369.0
죽순볶음,100ml,133,4.3,10.85,6.19,3.7,1.0
중식잡채,100ml,83,2.3,2.24,13.58,1.0,112.0
쫄볶이,100ml,150,4.7,1.41,29.37,1.3,652.0
팔보채,100ml,73,10.2,2.69,1.56,0.3,385.0
꽈리고추볶음,100ml,145,2.4,9.86,12.59,2.3,427.0
양파볶음,100ml,68,0.9,5.18,4.71,1.4,323.0
오리볶음,100ml,171,10.47,11.27,7.3,1.5,254.0
멸치볶음(멸치만),100ml,114,14.9,3.41,5.15,0.2,770.0
문어볶음,100ml,67,5.9,2.63,5.55,1.6,240.0
라볶이,100ml,113,2.0,3.39,18.5,1.1,129.0
고추잡채,100ml,67,4.18,3.91,4.21,1.4,159.0
모듬채소전,100ml,154,3.4,5.65,21.32,1.6,173.0
양파소고기전,100ml,155,5.0,10.63,8.88,1.2,435.0
새송이버섯전,100ml,63,3.16,3.73,5.89,1.5,93.0
어육소시지전,100ml,177,8.23,10.14,12.73,0.1,441.0
장떡,100ml,197,3.67,7.64,27.28,1.8,267.0
파래전,100ml,197,4.74,5.03,31.77,1.5,283.0
해물파전,100ml,106,6.0,3.99,10.63,0.5,267.0
달걀부침(달걀후라이),100ml,156,9.95,11.07,2.76,0.0,394.0
소안심스테이크,100ml,197,16.6,12.51,2.64,0.7,242.0
쑥전(부침개),100ml,127,4.8,6.29,13.44,4.6,538.0
양태구이,100ml,107,14.0,5.11,0.1,0.0,672.0
우럭구이,100ml,111,13.5,5.67,0.45,0.0,703.0
우엉양념구이,100ml,67,1.7,1.41,12.06,1.9,60.0
은대구구이,100ml,137,9.2,10.5,0.03,0.0,762.0
적어구이,100ml,174,20.9,9.04,0.31,0.0,1203.0
전갱이구이,100ml,226,27.7,11.75,0.17,0.0,1200.0
조기양념구이,100ml,219,22.1,9.3,10.96,0.9,1633.0
조기오븐구이,100ml,40,5.9,1.58,0.02,0.0,33.0
조미김구이,100ml,52,1.9,4.81,2.04,1.9,402.0
채소꼬치구이,100ml,91,2.8,2.3,14.29,1.3,406.0
청어구이,100ml,129,8.2,10.03,0.22,0.0,391.0
칠면조구이,100ml,207,30.6,7.98,0.96,0.3,551.0
키조개구이,100ml,75,8.7,3.41,1.86,0.6,881.0
넙치구이,100ml,116,13.6,6.33,0.03,0.0,615.0
느타리버섯구이,100ml,60,2.1,4.44,5.75,3.0,372.0
닭꼬치구이,100ml,181,32.1,2.58,5.55,0.1,122.0
도다리구이,100ml,153,23.7,5.5,0.71,0.0,1039.0
동태양념구이,100ml,130,21.7,3.56,1.59,0.6,641.0
민어구이,100ml,106,12.6,5.53,0.38,0.0,703.0
병어구이,100ml,244,21.4,16.23,0.45,0.0,1559.0
북어양념구이,100ml,137,20.3,2.93,6.62,0.9,285.0
서대구이,100ml,161,25.1,5.77,0.71,0.0,1177.0
소곱창구이,100ml,171,8.8,11.89,3.71,1.2,296.0
새우구이,100ml,34,7.4,0.33,0.04,0.0,323.0
소내장구이,100ml,92,6.75,6.53,0.75,0.1,57.0
옥돔구이,100ml,39,4.91,1.92,0.11,0.0,33.0
옥수수구이,100ml,148,1.43,9.01,15.41,0.9,173.0
전어구이,100ml,33,5.86,0.82,0.06,0.0,193.0
참치구이,100ml,316,33.5,19.02,0.05,0.0,1130.0
굴비구이,100ml,122,11.83,7.4,0.98,0.0,109.0
꽁치구이,100ml,80,9.39,3.97,0.79,0.0,235.0
개고기수육,100ml,226,15.8,17.15,3.1,1.4,54.0
고등어찜,100ml,92,8.6,4.88,3.21,1.4,159.0
굴찜,100ml,142,11.3,4.04,15.7,2.4,923.0
꽃게찜,100ml,52,5.9,1.33,5.1,1.8,217.0
도미찜,100ml,52,7.9,0.91,3.22,1.3,85.0
메기찜,100ml,71,7.3,2.33,5.37,1.4,150.0
명란찜,100ml,61,7.1,2.24,3.1,0.6,1130.0
미더덕찜,100ml,77,7.7,1.82,8.05,1.2,391.0
바지락찜,100ml,83,8.0,1.71,9.15,1.6,830.0
세발낙지찜,100ml,74,5.5,4.31,3.8,1.2,235.0
소고기스튜,100ml,187,10.1,11.65,9.23,1.9,310.0
소고기찜,100ml,121,5.5,8.56,5.17,1.1,163.0
오징어찜,100ml,56,8.5,1.32,2.61,0.9,113.0
고구마깻잎튀김,100ml,169,2.6,4.0,29.95,2.0,354.0
복찜,100ml,36,3.55,0.92,4.11,1.2,137.0
풋고추찜,100ml,55,2.3,1.03,9.58,2.5,349.0
해물콩나물찜,100ml,51,7.04,1.11,3.83,1.3,139.0
홍어찜,100ml,41,7.2,0.54,1.49,0.3,267.0
황태콩나물찜,100ml,82,10.17,1.99,6.92,2.5,244.0
가자미찜,100ml,78,11.8,1.95,2.79,0.7,345.0
콩나물찌개,100ml,12,1.6,0.37,1.09,0.4,219.0
해물전골,100ml,26,3.2,0.64,1.95,0.6,178.0
홍어찌개,100ml,51,7.7,0.97,3.15,1.5,84.0
가오리찜,100ml,29,2.7,0.84,3.52,1.3,127.0
가오리콩나물찜,100ml,29,2.68,0.84,3.5,1.3,111.0
꼬막찜,100ml,30,4.01,0.54,2.19,0.4,193.0
꽃게콩나물찜,100ml,52,5.86,1.34,5.1,1.8,209.0
꽈리고추찜,100ml,41,1.48,0.76,7.51,1.5,155.0
낙지찜,100ml,74,5.47,4.31,3.81,1.2,217.0
단호박찜,100ml,41,0.93,0.16,10.04,2.0,2.0
대구볼찜,100ml,45,4.23,1.23,5.37,1.8,143.0
꽁치튀김,100ml,105,5.3,7.84,2.41,0.1,222.0
복지리,100ml,30,5.6,0.31,1.49,0.6,209.0
볼락매운탕,100ml,30,3.5,0.52,2.87,0.8,191.0
붕어매운탕,100ml,23,3.1,0.7,1.08,0.5,112.0
삼치찌개,100ml,50,6.2,1.28,3.35,1.0,347.0
섞어찌개(모듬찌개),100ml,39,1.7,2.09,3.73,1.1,194.0
송어매운탕,100ml,54,6.6,1.35,4.03,1.2,247.0
숭어매운탕,100ml,51,6.8,0.87,4.11,1.2,241.0
애호박찌개,100ml,17,0.9,0.17,3.54,1.6,264.0
연두부찌개,100ml,42,4.8,1.48,2.59,0.8,291.0
잉어매운탕,100ml,52,5.7,1.5,4.08,1.2,231.0
잡탕전골,100ml,56,4.9,1.73,4.99,0.7,279.0
조기찌개,100ml,23,2.4,0.64,1.93,0.7,94.0
참치찌개,100ml,42,5.4,0.97,3.05,0.8,306.0
꽃게매운탕,100ml,31,5.7,0.27,1.3,0.2,169.0
대구탕,100ml,45,4.7,0.89,5.03,1.1,285.0
도루묵찌개,100ml,63,6.8,2.31,4.04,1.4,62.0
명태매운탕,100ml,49,7.1,1.03,3.15,1.5,58.0
모듬채소전골,100ml,20,1.8,0.6,2.1,0.9,145.0
민어매운탕,100ml,35,4.5,0.79,2.98,1.0,140.0
버섯샤브샤브,100ml,27,2.0,1.36,2.46,1.0,143.0
번데기탕,100ml,23,2.2,1.48,0.42,0.2,109.0
병어찌개,100ml,54,5.3,2.06,3.4,1.0,485.0
보신탕,100ml,42,3.0,2.68,2.12,1.1,65.0
복매운탕,100ml,31,5.1,0.39,2.25,1.0,228.0
소고기샤브샤브,100ml,46,2.95,2.04,4.08,0.6,114.0
순대전골,100ml,76,5.61,3.18,6.28,1.4,160.0
아귀지리,100ml,21,3.97,0.13,0.89,0.3,87.0
오리백숙,100ml,124,7.36,7.72,5.57,0.3,68.0
청국장찌개,100ml,45,4.0,1.01,4.91,2.3,293.0
가자미매운탕,100ml,31,4.5,0.82,1.4,0.6,130.0
광어매운탕,100ml,63,8.9,1.74,2.94,1.1,55.0
국수전골,100ml,88,3.4,1.83,14.56,1.2,298.0
곱창전골,100ml,47,3.57,2.61,2.66,1.0,111.0
김치전골,100ml,40,3.0,1.02,4.91,1.3,72.0
낙지전골,100ml,35,4.19,0.6,3.56,1.0,198.0
내장전골,100ml,58,5.41,2.88,2.89,1.1,128.0
어묵국물,100ml,7,0.5,0.13,1.05,0.2,234.0
올갱이해장국,100ml,41,4.0,1.35,3.54,1.7,342.0
조개탕,100ml,12,1.8,0.15,0.7,0.1,111.0
갈치찌개,100ml,45,4.12,1.57,2.96,0.9,136.0
개고기전골,100ml,74,5.56,5.03,2.35,1.4,109.0
바지락된장국,100ml,16,1.6,0.35,1.78,0.8,130.0
바지락미역국,100ml,13,1.9,0.28,1.22,0.7,304.0
뼈다귀해장국,100ml,21,2.7,0.63,0.96,0.4,108.0
소고기미역국,100ml,21,1.6,1.37,0.92,0.7,258.0
꼬리곰탕,100ml,40,2.3,2.17,2.29,0.1,79.0
몸국,100ml,22,2.9,0.65,1.54,1.0,119.0
감자된장국,100ml,22,1.4,0.32,3.31,0.9,216.0
고디국(다슬기맑은국),100ml,17,1.4,0.71,1.58,0.9,96.0
김치된장국,100ml,15,1.1,0.38,1.97,1.1,239.0
망둥어찌개,100ml,44,5.9,0.85,3.4,1.0,483.0
닭백숙,100ml,56,4.23,2.11,4.49,0.2,49.0
무국,100ml,7,0.3,0.17,1.2,0.4,184.0
흑임자죽,100ml,106,2.2,3.37,16.36,1.1,130.0
굴죽,100ml,107,2.4,2.99,16.76,0.5,196.0
대합죽,100ml,106,2.5,2.89,16.61,0.5,223.0
복죽,100ml,107,2.7,2.73,16.84,0.3,154.0
오리감자죽,100ml,97,3.7,2.14,15.11,1.1,121.0
내장탕,100ml,33,2.2,1.98,1.59,0.7,297.0
비빔냉면,100ml,90,3.8,1.66,14.53,1.1,152.0
오븐스파게티,100ml,122,5.6,3.49,16.77,1.2,120.0
짬뽕라면,100ml,91,3.4,2.92,12.32,0.9,91.0
회냉면,100ml,80,3.4,0.87,14.38,0.7,294.0
쟁반짜장,100ml,145,5.85,2.63,23.63,1.6,321.0
중식우동,100ml,91,4.73,0.84,15.29,0.9,202.0
해물칼국수,100ml,77,3.09,0.4,14.64,0.5,252.0
막국수,100ml,58,2.0,0.6,10.96,0.5,226.0
도미매운탕,100ml,47,5.9,1.13,3.37,1.0,351.0
메밀소바,100ml,86,2.49,0.32,17.96,0.7,254.0
비빔막국수,100ml,104,3.06,0.86,21.47,1.8,256.0
호박나물,100ml,38,0.7,2.71,3.16,1.3,213.0
콩나물무침,100ml,19,1.6,1.15,1.45,0.6,138.0
배추숙주나물,100ml,22,1.5,0.62,3.58,2.1,127.0
삼치튀김,100ml,136,13.7,6.82,3.69,0.1,929.0
돼지등심장조림,100ml,111,16.0,2.38,4.75,0.1,410.0
무어묵조림,100ml,112,6.3,3.06,14.92,0.8,622.0
소시지조림,100ml,196,11.4,11.1,12.66,0.6,1128.0
오징어포조림,100ml,133,15.5,1.77,13.03,0.6,449.0
떡볶이,100ml,258,4.3,3.62,53.39,2.3,673.0
달걀후라이,100ml,178,11.0,12.76,3.05,0.0,218.0
북어구이,100ml,287,46.5,5.91,10.53,2.1,932.0
버섯매운탕,100ml,45,2.4,1.36,6.93,2.0,160.0
돼지고기찜,100ml,109,10.82,3.25,8.89,0.7,220.0
김치청국장찌개,100ml,30,2.6,0.9,3.2,1.6,191.0
동태매운탕,100ml,25,3.3,0.5,1.98,0.8,184.0
돼지갈비전골,100ml,227,16.6,15.14,5.07,0.6,332.0
된장찌개,100ml,46,3.6,1.2,5.63,2.1,341.0
유부국,100ml,17,1.08,1.02,1.13,0.3,162.0
핫케이크,100ml,193,4.7,5.18,30.48,0.9,339.0
하이라이스,100ml,120,3.3,1.69,22.08,1.2,71.0
돼지고기덮밥,100ml,165,7.92,2.72,26.17,1.1,143.0
카레라이스,100g,108,3.11,1.4,20.74,0.5,210.0
콩나물밥,100g,123,4.68,1.58,22.39,1.9,272.0
꿀떡,100g,228,3.74,1.73,49.48,0.8,275.0
인절미,100g,242,5.64,2.16,50.07,2.9,297.0
증편,100g,200,3.17,1.2,44.15,1.0,284.0
마늘빵,100g,438,12.06,17.58,57.94,4.3,519.0
머핀,100g,384,5.73,13.84,59.15,1.1,411.0
모닝빵,100g,314,9.5,7.43,52.17,2.4,489.0
모카빵,100g,339,8.55,8.05,57.96,3.6,354.0
베이글,100g,306,10.0,5.83,53.48,2.7,695.0
식빵,100g,264,9.34,2.6,50.91,3.5,468.0
초코소라빵,100g,319,3.29,10.93,51.76,2.1,215.0
카스텔라,100g,335,10.03,11.47,47.99,1.3,63.0
크로와상,100g,446,7.52,26.98,43.31,2.3,457.0
피자빵,100g,298,8.85,15.05,31.76,2.2,637.0
잡채,100g,146,4.71,3.3,24.26,3.7,360.0
풋고추볶음,100g,70,1.93,3.23,8.25,3.7,276.0
닭볶음탕,100g,111,11.91,3.22,8.52,1.5,376.0
병어조림,100g,112,12.46,4.78,4.87,0.9,842.0
오징어채조림,100g,240,23.52,4.9,25.36,5.8,1130.0
김튀김,100g,522,11.0,28.9,54.36,12.2,606.0
미역튀각,100g,443,13.24,33.9,21.14,31.1,5223.0
고사리나물무침,100g,90,3.78,5.52,6.28,5.6,441.0
고춧잎나물무침,100g,88,4.41,4.69,7.14,5.4,797.0
도라지나물무침,100g,130,2.48,7.52,13.12,4.9,411.0
머위대나물무침,100g,58,3.96,2.56,4.76,1.5,363.0
무나물무침,100g,21,0.62,0.46,3.64,1.6,352.0
방풍나물무침,100g,76,4.39,1.73,10.74,6.7,267.0
비름나물무침,100g,73,3.46,4.05,5.7,3.8,335.0
시래기나물무침,100g,114,4.32,7.28,7.74,6.7,514.0
씀바귀나물무침,100g,97,3.87,1.73,16.57,5.2,204.0
열무나물,100g,82,3.91,5.3,4.76,4.0,460.0
토란대나물무침,100g,68,5.14,3.38,4.22,3.4,222.0
호박오가리나물무침,100g,201,6.14,10.01,21.46,7.0,1849.0
가죽나물무침,100g,76,5.83,1.35,10.05,6.2,276.0
굴무침,100g,77,6.68,2.31,7.3,3.5,204.0
김무침,100g,259,21.17,10.73,19.33,17.5,1011.0
민들레잎무침,100g,81,2.69,2.33,12.32,5.0,248.0
톳나물무침,100g,75,1.87,2.09,12.28,6.4,600.0
해초무침,100g,39,0.95,0.16,8.52,4.3,862.0
회무침,100g,82,8.09,1.65,8.6,2.6,275.0
나박김치,100g,10,0.46,0.38,1.15,0.8,377.0
가자미식해,100g,134,11.09,4.81,11.64,4.1,685.0
단무지,100g,13,0.33,0.2,2.4,1.3,552.0
무짠지,100g,11,0.54,0.12,1.98,2.6,2382.0
무초절임(치킨무),100g,17,0.52,0.3,3.05,1.5,189.0
미숫가루,100g,70,2.08,2.27,10.42,2.2,24.0
떡국,100g,84,3.43,0.53,16.37,0.8,176.0
수제비,100g,58,2.31,0.52,11.08,1.1,142.0
우동볶음,100g,128,2.8,2.01,24.79,2.0,257.0
월남쌈,100g,118,5.94,4.97,12.25,1.8,230.0
오리죽,100g,155,7.5,4.99,19.95,1.7,62.0
도가니탕,100g,40,8.35,0.33,0.82,1.3,150.0
북어국,100g,28,3.89,0.98,0.84,1.1,232.0
어묵국(어묵탕),100g,31,1.49,1.03,3.83,0.4,226.0
장어탕,100g,67,4.32,3.91,3.68,1.1,387.0
재첩국,100g,23,0.67,0.29,4.54,0.1,126.0
조개국,100g,16,1.67,0.89,0.25,0.6,297.0
닭발구이,100g,196,18.15,9.41,9.7,3.0,827.0
떡갈비,100g,202,21.38,11.82,2.46,1.1,404.0
버섯구이,100g,52,5.16,1.38,4.78,3.6,492.0
버섯구이표고버섯,100g,100,4.34,1.06,18.14,11.1,435.0
삼겹살구이,100g,467,22.56,41.69,0.35,0.7,576.0
오리고기구이,100g,293,24.06,19.7,4.89,2.2,708.0
고구마전,100g,227,2.92,7.98,35.99,3.6,87.0
메밀전,100g,161,4.02,0.64,34.79,3.0,145.0
닭발볶음,100g,186,13.8,9.38,11.72,2.6,974.0
당근볶음,100g,95,0.93,6.63,7.79,3.0,216.0
돼지고기볶음(제육볶음),100g,195,12.15,14.19,4.73,3.6,501.0
브로콜리볶음,100g,51,4.42,1.28,5.53,4.5,94.0
새우볶음,100g,83,9.91,2.21,5.96,1.1,326.0
고추장아찌무침,100ml,62,1.5,0.9,13.91,3.1,697.0
무생채(무만),100ml,30,1.03,0.56,5.77,1.8,249.0
유부조림,100ml,254,13.7,18.34,7.95,0.9,243.0
망둥어찜,100ml,52,8.5,0.7,2.96,1.2,202.0
멸치미역국,100ml,9,1.1,0.38,0.71,0.4,375.0
버섯국,100ml,42,3.3,2.43,2.71,1.4,161.0
삼색오이냉국,100ml,17,0.6,0.21,3.52,0.4,234.0
소고기두부국,100ml,34,2.8,2.18,0.62,0.3,160.0
미역냉국,100ml,26,0.9,1.65,2.58,1.2,643.0
감자밥,100ml,130,2.4,0.14,28.45,0.7,2.0
양파장아찌,100ml,63,0.6,0.03,16.05,1.0,6050.0
오이모듬무침,100ml,34,1.4,0.58,6.89,1.5,305.0
양배추김치,100ml,39,2.2,0.39,8.29,3.4,2099.0
깻잎장아찌,100ml,65,3.7,0.72,12.9,3.9,520.0
무파래무침,100ml,23,1.1,0.38,4.86,1.2,221.0
북어채고추장무침,100ml,296,36.6,10.34,14.1,3.2,942.0
감자연근튀김,100ml,149,3.8,4.31,22.74,1.8,405.0
오리간장불고기,100ml,98,12.6,2.41,6.16,0.6,313.0
애호박된장국,100ml,23,2.0,0.48,3.18,1.5,283.0
오이미역냉국,100ml,13,0.7,0.21,2.91,0.8,338.0
가지냉국,100ml,19,1.1,0.39,3.42,1.9,654.0
감자호박된장국,100ml,25,2.1,0.43,3.51,1.4,377.0
나폴리탄스파게티,100ml,116,3.6,1.38,22.5,1.6,206.0
